City_ID,City,Country,Lat,Lng,Max Temp,Humidity,Cloudiness,Wind Speed
0,Mana,GF,5.6592,-53.7767,84.63,69,52,9.28
1,Albany,US,42.6001,-73.9662,51.62,50,13,4.0
2,Rikitea,PF,-23.1203,-134.9692,69.62,77,99,23.96
3,Santa Cruz,BO,-17.8,-63.1667,89.06,66,75,23.02
4,Xuddur,SO,4.1213,43.8894,82.99,46,85,9.22
5,Vaini,TO,-21.2,-175.2,71.76,100,40,3.44
6,Campos Altos,BR,-19.6961,-46.1714,84.92,31,49,5.41
7,Hasaki,JP,35.7333,140.8333,55.29,49,0,3.96
8,Hilo,US,19.7297,-155.09,81.28,88,75,5.75
9,Neuquen,AR,-38.9516,-68.0591,66.09,34,0,8.05
10,Tabas,IR,33.5959,56.9244,77.22,19,14,2.3
11,Douglas,US,41.3,-96.167,58.93,50,0,11.5
12,Lae,PG,-6.7221,146.9847,75.97,71,93,4.76
13,Ostrovnoy,RU,68.0531,39.5131,29.23,91,95,25.17
14,Mataura,NZ,-46.1927,168.8643,34.23,81,49,3.06
15,Torbay,CA,47.6666,-52.7314,62.17,89,75,24.16
16,Sechura,PE,-5.5569,-80.8222,65.97,70,99,10.02
17,Bluff,NZ,-46.6,168.3333,45.61,54,35,14.63
18,Busselton,AU,-33.65,115.3333,53.89,85,80,5.95
19,Mar Del Plata,AR,-38.0023,-57.5575,77.83,82,75,9.22
20,Pisco,PE,-13.7,-76.2167,62.65,82,20,11.5
21,Stephenville,US,32.2207,-98.2023,72.86,43,0,13.8
22,Toropets,RU,56.4978,31.6353,39.27,90,70,4.59
23,Severo-Kurilsk,RU,50.6789,156.125,42.53,80,96,10.58
24,Ushuaia,AR,-54.8,-68.3,40.66,60,75,13.8
25,Port Elizabeth,ZA,-33.918,25.5701,70.11,78,20,17.27
26,Asau,RO,46.4333,26.4,47.32,60,7,2.46
27,Hermanus,ZA,-34.4187,19.2345,67.8,66,12,9.24
28,Guerrero Negro,MX,27.9769,-114.0611,73.18,72,5,5.12
29,Banjar,ID,-8.19,114.9675,78.57,88,100,2.3
30,Lebu,CL,-37.6167,-73.65,56.28,72,86,8.23
31,Monteria,CO,8.748,-75.8814,82.94,80,94,8.19
32,Ribeira Grande,PT,38.5167,-28.7,70.2,64,40,14.97
33,Gushikawa,JP,26.3544,127.8686,78.39,69,20,16.11
34,Atuona,PF,-9.8,-139.0333,76.55,76,14,18.61
35,Tuktoyaktuk,CA,69.4541,-133.0374,26.6,93,100,11.5
36,Punta Arenas,CL,-53.15,-70.9167,42.91,52,40,28.77
37,Faanui,PF,-16.4833,-151.75,78.94,72,14,13.13
38,Jamestown,US,42.097,-79.2353,40.59,63,20,13.8
39,Saquarema,BR,-22.92,-42.5103,86.14,65,34,11.05
40,Xining,CN,36.6167,101.7667,43.83,82,100,1.81
41,Butaritari,KI,3.0707,172.7902,80.64,77,47,6.98
42,Tilichiki,RU,60.4667,166.1,19.6,83,96,5.08
43,Harper,LR,4.375,-7.7169,79.36,79,49,6.42
44,Klaksvik,FO,62.2266,-6.589,47.32,80,100,23.87
45,Dunhua,CN,43.3725,128.2425,43.63,72,80,5.86
46,Ilulissat,GL,69.2167,-51.1,23.02,63,75,20.71
47,Dunmore Town,BS,25.5,-76.65,79.32,71,100,5.1
48,Barrow,US,71.2906,-156.7887,28.42,74,100,20.71
49,Kahului,US,20.8947,-156.47,73.85,68,0,5.75
50,Aklavik,CA,68.2191,-135.0107,24.8,100,100,5.75
51,Talara,PE,-4.5772,-81.2719,74.16,60,0,14.97
52,Virginia Beach,US,36.8529,-75.978,61.02,48,0,11.5
53,Nome,US,64.5011,-165.4064,41.07,82,100,10.36
54,Cherskiy,RU,68.75,161.3,21.83,96,100,7.23
55,La Ronge,CA,55.1001,-105.2842,55.65,47,100,10.36
56,Maningrida,AU,-12.0667,134.2667,81.64,72,43,6.04
57,Yellowknife,CA,62.456,-114.3525,37.92,87,75,17.27
58,Chara,RU,56.9064,118.2631,24.33,67,99,2.44
59,Geraldton,AU,-28.7667,114.6,62.76,84,0,8.1
60,Avarua,CK,-21.2078,-159.775,71.65,88,75,4.61
61,Meulaboh,ID,4.1363,96.1285,75.61,90,100,0.58
62,Henties Bay,NA,-22.116,14.2845,60.71,86,27,13.82
63,Hithadhoo,MV,-0.6,73.0833,81.63,75,22,9.04
64,Cape Town,ZA,-33.9258,18.4232,69.12,62,20,21.85
65,Vrangel,RU,42.7297,133.0839,51.91,68,9,3.96
66,Puerto Ayora,EC,-0.7393,-90.3518,71.56,74,73,11.12
67,Alofi,NU,-19.0595,-169.9187,67.89,94,100,0.0
68,Husavik,IS,66.0449,-17.3389,31.68,72,57,4.5
69,Nouakchott,MR,18.0858,-15.9785,105.73,56,0,9.42
70,Saskylakh,RU,71.9167,114.0833,-0.17,97,65,4.7
71,Pangai,TO,-19.8,-174.35,76.69,79,35,5.12
72,Antalaha,MG,-14.9003,50.2788,71.69,78,0,10.85
73,Buchanan,LR,5.8808,-10.0467,77.68,85,100,5.68
74,Cabedelo,BR,-6.9811,-34.8339,86.67,60,41,16.69
75,East London,ZA,-33.0153,27.9116,68.94,77,20,17.27
76,Goundi,TD,9.3627,17.366,83.79,63,84,4.32
77,Hobart,AU,-42.8794,147.3294,51.66,90,16,8.05
78,Gravdal,NO,68.1214,13.5031,45.91,76,100,11.65
79,Zhigalovo,RU,54.8097,105.1578,29.53,93,94,1.99
80,Anadyr,RU,64.75,177.4833,36.1,93,40,6.71
81,Anloga,GH,5.7947,0.8973,81.66,76,24,13.13
82,Kovdor,RU,67.5662,30.4758,30.16,73,95,12.26
83,Starotimoshkino,RU,53.7191,47.5312,40.08,81,97,5.82
84,Laguna,US,38.421,-121.4238,74.08,72,0,0.0
85,Byron Bay,AU,-28.65,153.6167,67.95,90,96,9.89
86,Nikolskoye,RU,59.7035,30.7861,40.91,90,80,5.1
87,Codrington,AU,-38.2667,141.9667,51.1,82,79,6.6
88,Luderitz,NA,-26.6481,15.1594,69.28,59,28,29.21
89,Kitgum,UG,3.2783,32.8867,73.63,66,99,5.21
90,Otradnoye,RU,59.7775,30.8181,41.09,87,87,5.37
91,Dingle,PH,10.9995,122.6711,76.69,91,85,2.57
92,Ucluelet,CA,48.9329,-125.5528,57.09,92,80,4.65
93,Amapa,BR,1.0,-52.0,94.24,38,41,5.7
94,Norman Wells,CA,65.282,-126.8329,30.24,93,100,11.5
95,Crotone,IT,39.0851,17.1178,71.55,64,0,13.8
96,Tierralta,CO,8.1736,-76.0592,81.37,82,99,3.83
97,Acapulco,MX,16.8634,-99.8901,76.82,88,100,6.91
98,Canon City,US,38.441,-105.2424,67.98,23,0,18.41
99,Spearfish,US,44.4908,-103.8594,68.88,17,0,10.36
100,Puerto Madryn,AR,-42.7692,-65.0385,69.15,26,100,26.87
101,Havelock,US,34.8791,-76.9013,64.38,43,0,3.44
102,Veraval,IN,20.9,70.3667,81.82,67,5,6.13
103,Clyde River,CA,70.4692,-68.5914,25.03,74,100,11.5
104,Castro,BR,-24.7911,-50.0119,59.68,97,100,3.0
105,Saint-Philippe,RE,-21.3585,55.7679,72.99,79,46,12.59
106,Bud,US,39.447,-86.1758,47.75,43,100,14.18
107,Rawson,AR,-43.3002,-65.1023,65.41,36,95,19.95
108,Sorland,NO,67.667,12.6934,44.46,77,100,11.68
109,Qaanaaq,GL,77.484,-69.3632,1.9,69,19,13.53
110,Kavieng,PG,-2.5744,150.7967,81.91,77,37,11.95
111,Tuatapere,NZ,-46.1333,167.6833,42.04,67,97,6.06
112,Yaan,NG,7.3833,8.5667,82.38,73,87,0.38
113,Lindome,SE,57.5667,12.0833,48.15,68,0,5.99
114,Constantine,DZ,36.365,6.6147,85.41,21,0,8.05
115,Hong Gai,VN,20.956,107.0946,64.31,93,100,5.68
116,Hualahuises,MX,24.8847,-99.6733,69.64,47,1,6.62
117,Saravena,CO,6.9538,-71.8752,87.84,57,87,2.35
118,Hualmay,PE,-11.0964,-77.6139,65.97,69,81,10.54
119,Bambous Virieux,MU,-20.3428,57.7575,73.22,88,75,3.44
120,Talnakh,RU,69.4865,88.3972,34.21,98,100,14.79
121,Mahebourg,MU,-20.4081,57.7,73.26,88,75,3.44
122,Faya,SA,18.3851,42.4509,66.72,52,0,5.84
123,Nizhniy Kuranakh,RU,58.8353,125.4869,27.77,96,100,8.37
124,Bredasdorp,ZA,-34.5322,20.0403,63.86,57,3,11.99
125,Samarai,PG,-10.6167,150.6667,80.89,81,94,3.27
126,Cidreira,BR,-30.1811,-50.2056,68.27,88,100,11.07
127,Auki,SB,-8.7676,160.7034,77.25,87,80,4.21
128,Tasiilaq,GL,65.6145,-37.6368,39.36,91,100,7.76
129,Natagaima,CO,3.6206,-75.0941,80.04,77,98,0.96
130,Qaqortoq,GL,60.7167,-46.0333,35.01,53,15,7.38
131,Calvinia,ZA,-31.4707,19.776,78.19,18,26,10.29
132,Buala,SB,-8.145,159.5921,80.22,81,46,5.66
133,Suntar,RU,62.1444,117.6319,26.65,92,82,7.0
134,Chuy,UY,-33.6971,-53.4616,68.23,69,81,10.25
135,Arraial Do Cabo,BR,-22.9661,-42.0278,85.96,61,0,18.41
136,Bonavista,CA,48.6499,-53.1147,56.08,88,98,21.34
137,Narsaq,GL,60.9167,-46.05,37.62,60,20,5.17
138,New Norfolk,AU,-42.7826,147.0587,51.3,74,15,2.39
139,Kapaa,US,22.0752,-159.319,70.12,81,100,6.91
140,Margaritas,MX,20.4538,-102.4739,72.37,48,48,4.09
141,Tomatlan,MX,19.9333,-105.25,83.57,69,90,1.88
142,San Cristobal,VE,7.7669,-72.225,75.38,53,100,3.04
143,Phetchaburi,TH,12.9667,99.5833,73.96,86,97,2.21
144,Nanortalik,GL,60.1432,-45.2371,35.11,58,22,18.32
145,Kaitangata,NZ,-46.2817,169.8464,42.64,61,97,11.59
146,Launceston,AU,-41.45,147.1667,49.64,87,6,4.61
147,Ontario,US,34.0633,-117.6509,79.95,45,75,3.44
148,Saldanha,ZA,-33.0117,17.9442,69.85,71,0,23.04
149,Kilindoni,TZ,-7.9139,39.6668,76.69,72,73,13.44
150,Dikson,RU,73.5069,80.5464,32.23,98,100,20.07
151,Chillicothe,US,39.3331,-82.9824,50.31,28,0,13.8
152,Dublyany,UA,49.9041,24.0864,40.59,63,26,3.6
153,Muros,ES,42.7762,-9.0603,59.68,85,40,24.7
154,Kamaishi,JP,39.2667,141.8833,54.95,72,36,5.21
155,Port Alfred,ZA,-33.5906,26.891,68.18,78,82,5.99
156,Saint-Augustin,CA,51.226,-58.6502,55.76,97,100,17.43
157,Marsaxlokk,MT,35.8419,14.5431,74.01,68,20,2.3
158,San Quintin,MX,30.4833,-115.95,74.14,59,3,2.93
159,Iqaluit,CA,63.7506,-68.5145,33.53,80,100,19.57
160,Kaka,TM,37.3482,59.6143,68.13,21,11,7.65
161,Port Lincoln,AU,-34.7333,135.8667,55.69,91,0,6.67
162,Eyl,SO,7.9803,49.8164,80.1,80,55,14.88
163,Katsuura,JP,35.1333,140.3,61.74,59,0,2.26
164,Caravelas,BR,-17.7125,-39.2481,82.83,55,87,9.86
165,Oudtshoorn,ZA,-33.5907,22.2014,62.96,65,62,11.18
166,Bethel,US,41.3712,-73.414,54.46,55,0,17.27
167,Namatanai,PG,-3.6667,152.4333,79.97,80,54,4.47
168,Asyut,EG,27.181,31.1837,80.78,34,0,9.89
169,Salalah,OM,17.0151,54.0924,82.49,74,0,6.91
170,Zhigansk,RU,66.7697,123.3711,14.32,95,100,8.3
171,Martapura,ID,-3.4167,114.85,78.89,89,20,2.3
172,Fortuna,US,40.5982,-124.1573,50.34,100,100,4.61
173,Cuiluan,CN,47.72,128.648,41.04,56,98,2.28
174,Longyearbyen,SJ,78.2186,15.6401,22.84,68,40,5.75
175,Takoradi,GH,4.8845,-1.7554,82.67,73,39,12.08
176,Bonfim,BR,3.0833,-59.95,90.14,52,83,3.94
177,Maceio,BR,-9.6658,-35.7353,85.44,54,20,12.66
178,Coquimbo,CL,-29.9533,-71.3436,62.33,67,0,13.8
179,Ormara,PK,25.2088,64.6357,81.34,69,0,5.21
180,Betong,TH,5.7743,101.0723,73.09,98,100,2.19
181,Leningradskiy,RU,69.3833,178.4167,29.79,96,92,10.02
182,Mount Isa,AU,-20.7333,139.5,77.07,36,25,13.87
183,Bijie,CN,27.3125,105.2942,54.37,78,1,0.89
184,Quatre Cocos,MU,-20.2078,57.7625,73.09,72,13,13.06
185,Coihaique,CL,-45.5752,-72.0662,49.95,40,75,9.22
186,Yulara,AU,-25.2406,130.9889,70.54,36,0,6.58
187,Kodiak,US,57.79,-152.4072,45.91,66,20,0.0
188,Karratha,AU,-20.7377,116.8463,76.6,72,0,13.47
189,Provideniya,RU,64.3833,-173.3,34.7,99,100,6.46
190,Ouadda,CF,8.0777,22.4007,76.19,75,100,0.31
191,Fort Nelson,CA,58.8053,-122.7002,38.79,56,40,5.75
192,Pluderhausen,DE,48.7988,9.5959,64.33,87,100,3.98
193,Victor Harbor,AU,-35.5667,138.6167,59.68,91,76,7.36
194,Telford,GB,52.6766,-2.4493,59.5,88,75,4.61
195,Oskemen,KZ,49.9565,82.6119,44.56,93,100,11.18
196,Nakambala,ZM,-15.8324,27.7799,83.19,28,87,12.28
197,Sioux Lookout,CA,50.1001,-91.917,33.87,75,75,4.61
198,Sile,TR,41.1754,29.6133,60.57,64,73,7.0
199,Arbuzynka,UA,47.9097,31.3196,41.31,78,98,17.81
200,Buraydah,SA,26.326,43.975,88.25,10,0,6.17
201,Esperance,AU,-33.8667,121.9,59.36,87,93,5.35
202,Madera,US,37.1666,-119.8343,79.97,15,87,1.9
203,Berlevag,NO,70.8578,29.0864,35.6,75,75,37.98
204,Nargana,PA,9.4428,-78.5906,82.36,77,97,4.25
205,Kundiawa,PG,-6.0167,144.9667,62.96,98,100,0.65
206,Pampas,PE,-12.4,-74.9,64.71,41,75,5.91
207,Vostok,RU,46.4856,135.8833,31.62,77,17,5.59
208,Deputatskiy,RU,69.3,139.9,1.81,92,100,6.91
209,Severnyy,RU,50.677,36.5532,46.44,93,75,11.18
210,Makakilo City,US,21.3469,-158.0858,70.12,84,75,10.36
211,Vardo,NO,70.3705,31.1107,35.58,69,75,27.63
212,Bitung,ID,1.4451,125.1824,77.85,77,98,1.39
213,Taltal,CL,-25.4,-70.4833,65.1,61,10,6.78
214,Umm Lajj,SA,25.0213,37.2685,82.47,67,2,6.64
215,Agadez,NE,19.75,10.25,83.05,16,0,9.53
216,Yumen,CN,40.2833,97.2,42.3,37,0,7.67
217,Beyneu,KZ,45.3167,55.2,63.28,34,15,11.45
218,Sola,VU,-13.8833,167.55,80.19,78,48,16.82
219,Port Hawkesbury,CA,45.6169,-61.3485,56.91,84,40,13.0
220,Umm Kaddadah,SD,13.6017,26.6876,93.06,19,55,10.27
221,Touros,BR,-5.1989,-35.4608,84.69,56,100,18.5
222,Praia,CV,14.9215,-23.5087,86.54,62,20,10.36
223,Saint George,US,37.1041,-113.5841,55.99,33,0,0.0
224,Marsh Harbour,BS,26.5412,-77.0636,75.22,87,96,9.4
225,Sao Filipe,CV,14.8961,-24.4956,79.16,78,23,6.55
226,Salamiyah,SY,35.0113,37.0532,68.11,73,12,13.82
227,Labuhan,ID,-6.8844,112.2051,81.14,79,100,4.09
228,Carnarvon,AU,-24.8667,113.6333,66.43,78,0,16.51
229,Padang,ID,-0.9492,100.3543,75.25,83,100,3.04
230,Belyy Yar,RU,53.6039,91.3903,35.85,75,0,6.71
231,Haines Junction,CA,60.7522,-137.5108,35.55,80,100,3.44
232,Hami,CN,42.8,93.45,51.26,31,29,12.82
233,Morant Bay,JM,17.8815,-76.4093,89.71,68,7,7.67
234,Ginir,ET,7.1333,40.7,59.76,89,93,0.16
235,Kayanga,TZ,-1.5303,31.1511,64.2,82,100,1.41
236,Los Llanos De Aridane,ES,28.6585,-17.9182,72.12,78,0,4.0
237,Miri,MY,4.4148,114.0089,80.74,94,40,2.3
238,Port Macquarie,AU,-31.4333,152.9167,65.89,89,88,12.88
239,Mayor Pablo Lagerenza,PY,-19.9309,-60.7718,78.33,72,91,14.07
240,Walvis Bay,NA,-22.9575,14.5053,62.1,77,40,19.46
241,Ballarat,AU,-37.5662,143.8496,60.58,82,83,1.01
242,Cravo Norte,CO,6.3017,-70.2041,88.12,59,74,6.78
243,Abnub,EG,27.2696,31.1511,80.82,33,0,9.75
244,Sokoni,TZ,-6.4333,39.55,80.46,75,100,14.9
245,Peace River,CA,56.2501,-117.286,48.65,65,20,17.27
246,Airai,TL,-8.9266,125.4092,63.95,92,100,0.96
247,Matiari,PK,25.5961,68.4467,84.16,45,0,11.01
248,Pincehely,HU,46.681,18.4394,55.94,52,5,5.59
249,Tual,ID,-5.6667,132.75,83.91,72,82,6.4
250,Emba,KZ,48.8264,58.1442,56.66,33,100,15.88
251,Khasan,RU,42.4308,130.6434,53.19,60,56,2.21
252,Tiksi,RU,71.6872,128.8694,3.51,94,14,11.27
253,Pemangkat,ID,1.1667,108.9667,80.53,81,100,2.86
254,Georgetown,MY,5.4112,100.3354,84.24,78,20,2.3
255,Mangrol,IN,21.1167,70.1167,81.61,68,8,7.92
256,Skibbereen,IE,51.55,-9.2667,61.11,87,91,20.4
257,Rakiv Lis,UA,51.6217,24.9243,41.81,69,13,5.35
258,Ferme-Neuve,CA,46.7001,-75.4493,38.28,81,99,9.8
259,Lima,PE,-12.0432,-77.0282,67.89,71,100,8.05
260,General Roca,AR,-39.0333,-67.5833,68.63,29,80,20.36
261,Maragogi,BR,-9.0122,-35.2225,80.35,65,63,11.97
262,Nemuro,JP,43.3236,145.575,51.39,75,0,14.36
263,Calabozo,VE,8.9242,-67.4293,89.91,52,34,6.93
264,Chiang Rai,TH,19.9167,99.9167,75.18,84,0,0.0
265,Luwingu,ZM,-10.2621,29.9271,81.21,21,100,3.96
266,Derzhavinsk,KZ,51.1,66.3167,52.99,49,78,16.75
267,Guaruja,BR,-23.9931,-46.2564,82.26,65,75,5.99
268,Vila Velha,BR,-20.3297,-40.2925,80.55,74,75,13.8
269,Manakara,MG,-22.1333,48.0167,71.73,77,52,7.81
270,Mozarlandia,BR,-14.7447,-50.5706,104.04,15,15,8.23
271,Port-Gentil,GA,-0.7193,8.7815,80.56,89,75,12.66
272,Sambava,MG,-14.2667,50.1667,71.69,81,4,11.88
273,Bengkulu,ID,-3.8004,102.2655,76.57,89,100,8.28
274,Hashtrud,IR,37.4779,47.0508,65.55,23,100,15.1
275,Lavrentiya,RU,65.5833,-171.0,34.97,99,100,16.4
276,Atbasar,KZ,51.8,68.3333,47.79,68,100,9.01
277,Uribia,CO,11.7139,-72.266,89.56,54,47,17.52
278,Qitaihe,CN,45.8,130.85,45.84,62,41,5.48
279,Voyvozh,RU,62.892,54.9635,31.3,74,93,15.05
280,Dicabisagan,PH,17.0818,122.4157,77.0,94,100,4.79
281,Balti,MD,47.7617,27.9289,46.53,40,1,12.39
282,Komsomolskiy,UZ,40.4272,71.7189,50.72,71,0,4.61
283,Usinsk,RU,65.9939,57.5281,31.3,93,100,9.31
284,Ossora,RU,59.2353,163.0719,27.63,66,100,4.99
285,Banda Aceh,ID,5.5577,95.3222,78.62,84,100,15.99
286,Vao,NC,-22.6667,167.4833,70.43,73,95,17.94
287,Majene,ID,-3.5403,118.9707,79.16,84,76,2.89
288,Straumen,NO,63.8709,11.2999,44.6,80,99,4.23
289,Mandalgovi,MN,45.7625,106.2708,32.18,73,10,9.24
290,Izazi,TZ,-7.2,35.7333,82.18,35,100,10.47
291,Belmonte,BR,-15.8631,-38.8828,81.12,62,74,10.22
292,Tucuman,AR,-26.8241,-65.2226,73.4,56,20,4.61
293,Ariquemes,BR,-9.9133,-63.0408,91.6,50,99,3.29
294,Qandala,SO,11.472,49.8728,81.68,59,24,4.88
295,Birao,CF,10.2849,22.7882,83.62,44,38,5.12
296,Bathsheba,BB,13.2167,-59.5167,79.41,89,75,21.85
297,Ngunguru,NZ,-35.6167,174.5,58.1,79,81,11.81
298,Warrington,GB,53.3925,-2.5802,58.78,93,100,4.61
299,Ancud,CL,-41.8697,-73.8203,50.23,58,55,10.71
300,Itoman,JP,26.1247,127.6694,79.18,73,75,19.57
301,Kidal,ML,18.4411,1.4078,93.54,11,65,12.64
302,Nishihara,JP,26.1842,127.7558,78.46,73,75,19.57
303,Aitape,PG,-3.1374,142.3475,77.67,86,23,2.86
304,Upernavik,GL,72.7868,-56.1549,19.87,73,100,7.65
305,Hofn,IS,64.2539,-15.2082,41.02,75,75,5.75
306,Ponta Do Sol,PT,32.6667,-17.1,80.71,75,94,7.27
307,Ponta Delgada,PT,37.7333,-25.6667,68.72,68,20,17.27
308,Honningsvag,NO,70.9821,25.9704,37.15,56,75,19.57
309,Sangar,RU,63.9242,127.4739,9.3,96,95,4.83
310,Bubaque,GW,11.2833,-15.8333,82.26,70,36,5.73
311,Itarema,BR,-2.9248,-39.9167,88.3,53,78,20.54
312,Gainesville,US,29.6516,-82.3248,66.02,48,0,10.36
313,Sao Joao Da Barra,BR,-21.6403,-41.0511,84.29,76,45,20.56
314,Lorengau,PG,-2.0226,147.2712,79.56,80,39,1.79
315,Udachnyy,RU,66.4167,112.4,15.48,94,96,8.52
316,Dzhebariki-Khaya,RU,62.2167,135.8,12.61,98,100,0.72
317,Kieta,PG,-6.2167,155.6333,78.58,83,39,2.71
318,Port Hardy,CA,50.6996,-127.4199,51.98,87,20,8.05
319,Gari,RU,59.4307,62.3497,32.81,76,28,11.43
320,Beringovskiy,RU,63.05,179.3167,36.09,83,78,5.44
321,Radyvyliv,UA,50.1299,25.2558,40.66,68,11,5.57
322,Pacific Grove,US,36.6177,-121.9166,77.65,83,20,1.01
323,Verkhnevilyuysk,RU,63.4453,120.3167,23.97,93,70,7.2
324,Kargasok,RU,59.0556,80.8572,38.7,97,100,8.88
325,Lagoa,PT,39.05,-27.9833,65.52,68,6,22.73
326,Rio Gallegos,AR,-51.6226,-69.2181,46.45,31,75,26.46
327,Gao,ML,16.6362,1.637,94.57,10,2,11.99
328,Sierra Vista,US,31.5545,-110.3037,66.11,58,0,5.75
329,Kudahuvadhoo,MV,2.6708,72.8944,82.08,74,74,13.02
330,Warrensburg,US,38.7628,-93.7361,57.56,36,0,11.5
331,Sol-Iletsk,RU,51.1631,54.9918,54.09,79,100,5.99
332,Tautira,PF,-17.7333,-149.15,75.99,83,34,16.98
333,Tarko-Sale,RU,64.9225,77.785,36.16,93,98,16.33
334,Lompoc,US,34.6391,-120.4579,82.78,69,0,9.22
335,Kirensk,RU,57.7853,108.1119,30.2,91,98,1.95
336,Colomba,GT,14.7167,-91.7333,81.57,82,69,1.99
337,Pochutla,MX,15.7432,-96.4661,83.82,67,93,2.98
338,Hobyo,SO,5.3505,48.5268,79.63,81,39,18.63
339,Pevek,RU,69.7008,170.3133,22.44,85,100,4.23
340,Katiola,CI,8.1333,-5.1,88.43,72,51,4.59
341,Kalat,PK,29.0225,66.5916,57.96,28,0,3.06
342,Natal,BR,-5.795,-35.2094,86.22,58,75,18.41
343,Ballina,AU,-28.8667,153.5667,68.02,99,93,8.01
344,Olafsvik,IS,64.8945,-23.7142,44.74,68,76,9.06
345,Sovetskaya Gavan,RU,48.9723,140.2878,40.71,66,42,7.43
346,Skaudvile,LT,55.4167,22.6167,46.42,66,96,5.73
347,Kalemie,CD,-5.9475,29.1947,76.89,59,99,2.71
348,Punta Alta,AR,-38.8759,-62.0736,72.34,39,24,14.54
349,Soria,ES,41.6667,-2.6667,54.86,100,100,28.9
350,Luganville,VU,-15.5333,167.1667,78.04,85,86,10.36
351,Gambo,CF,4.6482,22.2633,74.08,94,100,1.59
352,Sur,OM,22.5667,59.5289,80.94,55,0,1.19
353,Foki,RU,56.693,54.3499,39.87,69,97,4.99
354,Sabang,ID,5.8933,95.3214,80.15,82,100,26.11
355,Buckeye,US,33.3703,-112.5838,78.82,42,0,0.0
356,Guatire,VE,10.4762,-66.5427,88.2,81,32,3.76
357,Orlik,RU,52.5178,99.825,21.02,66,72,3.53
358,Hasilpur,PK,29.7122,72.5553,77.74,22,0,9.13
359,Chimbote,PE,-9.0853,-78.5783,65.46,73,79,10.63
360,Kruisfontein,ZA,-34.0033,24.7314,67.89,74,83,13.18
361,Mount Gambier,AU,-37.8333,140.7667,56.21,72,68,4.25
362,Impfondo,CG,1.6381,18.0667,72.88,95,99,3.11
363,Kichera,RU,55.9375,110.0997,27.7,74,91,3.74
364,Broome,US,42.2506,-75.833,47.08,57,98,11.01
365,Westport,US,41.1415,-73.3579,56.03,54,0,17.27
366,Garissa,KE,-0.4536,39.6401,84.56,52,72,20.36
367,Khatanga,RU,71.9667,102.5,15.26,92,97,4.72
368,Kuching,MY,1.55,110.3333,75.42,100,40,1.99
369,Grindavik,IS,63.8424,-22.4338,44.55,81,75,14.97
370,Shaowu,CN,27.3409,117.4831,60.35,57,24,1.36
371,Nizwa,OM,22.9333,57.5333,82.26,17,0,2.44
372,Skelleftea,SE,64.7507,20.9528,43.16,95,0,5.75
373,Tevriz,RU,57.509,72.4042,36.18,85,22,5.46
374,Micheweni,TZ,-4.9667,39.8333,76.39,78,96,12.62
375,Lasa,IT,46.6166,10.7002,61.68,86,99,4.12
376,Sydney Mines,CA,46.2367,-60.2177,57.25,92,75,12.66
377,Nelson Bay,AU,-32.7167,152.15,67.08,96,99,15.01
378,San Patricio,US,28.017,-97.5169,71.19,35,0,9.26
379,Roald,NO,62.5833,6.1333,46.33,81,20,2.3
380,Huaihua,CN,27.5494,109.9592,69.44,29,99,3.76
381,Thompson,CA,55.7435,-97.8558,37.56,93,75,5.75
382,Saint-Pierre,RE,-21.3393,55.4781,73.08,64,20,14.97
383,Chinhoyi,ZW,-17.3667,30.2,80.51,29,34,9.04
384,Codajas,BR,-3.8367,-62.0569,91.81,51,95,4.27
385,Conceicao Do Araguaia,BR,-8.2578,-49.2647,98.73,25,77,3.51
386,Puerto Carreno,CO,6.189,-67.4859,85.98,70,75,3.44
387,Itacoatiara,BR,-3.1431,-58.4442,92.7,48,68,4.54
388,Taoudenni,ML,22.6783,-3.9836,97.93,9,5,11.36
389,Umtata,ZA,-31.5889,28.7844,64.24,84,75,6.73
390,Pedro Carbo,EC,-1.8333,-80.2333,84.85,49,87,3.69
391,Oranjemund,NA,-28.55,16.4333,62.37,73,82,25.66
392,Vanimo,PG,-2.6741,141.3028,78.13,83,45,1.16
393,Santiago De Cuba,CU,20.0247,-75.8219,84.31,70,20,5.75
394,Kutum,SD,14.2,24.6667,85.01,19,8,7.99
395,Victoria,HK,22.2855,114.1577,77.38,75,97,10.0
396,Bonthe,SL,7.5264,-12.505,81.81,71,88,3.38
397,Souillac,MU,-20.5167,57.5167,70.18,88,75,3.44
398,Acarau,BR,-2.8856,-40.12,89.24,53,65,20.62
399,Sao Felix Do Xingu,BR,-6.6447,-51.995,99.55,29,38,5.68
400,Marechal Candido Rondon,BR,-24.5561,-54.0567,70.29,92,100,12.33
401,Mancio Lima,BR,-7.6142,-72.8958,82.47,78,75,8.05
402,Nebug,RU,44.1714,39.0036,54.9,76,74,15.99
403,Port Hedland,AU,-20.3167,118.5667,75.25,83,0,8.05
404,Peniche,PT,39.3558,-9.3811,66.07,92,100,21.14
405,Katobu,ID,-4.9408,122.5276,76.84,88,52,3.89
406,Panzhihua,CN,26.5851,101.7128,63.01,76,0,1.57
407,Marystown,CA,47.1666,-55.1483,58.12,96,100,19.33
408,Vestmannaeyjar,IS,63.4427,-20.2734,43.79,87,20,24.16
409,Terney,RU,45.0503,136.6092,44.51,64,33,7.56
410,Genhe,CN,50.7833,121.5167,34.92,63,100,3.31
411,Ozerna,UA,49.6289,25.329,39.54,68,14,6.17
412,Yunyang,CN,33.4474,112.7142,60.39,33,19,1.07
413,Biryukove,UA,47.9563,39.7384,43.36,88,40,11.43
414,Pichayevo,RU,53.2363,42.2032,44.87,73,99,11.32
415,Marawi,PH,7.9986,124.2928,69.55,96,100,0.96
416,Bambanglipuro,ID,-7.95,110.2833,77.38,90,100,2.28
417,Talcahuano,CL,-36.7167,-73.1167,56.88,62,0,4.61
418,Ehingen,DE,48.2826,9.7275,60.44,93,75,2.3
419,Taywarah,AF,33.35,64.4167,42.12,14,0,2.8
420,Dickinson,US,29.4608,-95.0513,72.03,54,16,4.0
421,Srednekolymsk,RU,67.45,153.6833,14.05,93,100,17.9
422,Biak,ID,-0.9131,122.8766,77.11,85,100,0.94
423,Ussel,FR,45.55,2.3167,60.89,87,100,11.59
424,Kahna Nau,PK,31.3692,74.3653,71.64,64,0,11.5
425,Abu Dhabi,AE,24.4667,54.3667,87.91,67,0,8.05
426,Caborca,MX,30.5838,-111.101,75.2,36,37,4.38
427,Toora-Khem,RU,52.4675,96.11,28.47,57,98,2.64
428,Wajir,KE,1.7471,40.0573,91.36,33,40,3.44
429,Semenyih,MY,2.9516,101.843,83.98,88,83,2.35
430,Kama,RU,56.3051,54.0936,39.45,72,56,4.72
431,Salaberry-De-Valleyfield,CA,45.2501,-74.1325,43.7,81,100,9.22
432,Sibu,MY,2.3,111.8167,77.31,94,40,0.0
433,Biloela,AU,-24.4167,150.5,67.14,90,73,4.97
434,Sisimiut,GL,66.9395,-53.6735,23.5,72,100,16.49
435,Karasburg,NA,-28.0167,18.75,86.02,24,59,17.16
436,Nouadhibou,MR,20.931,-17.0347,80.58,57,0,16.11
437,Havoysund,NO,70.9963,24.6622,37.63,54,100,18.81
438,Hwange,ZW,-18.3693,26.5019,89.64,22,25,6.22
439,Genc,TR,38.7507,40.5603,63.72,37,15,5.37
440,Pinheiro Machado,BR,-31.5783,-53.3811,72.05,73,79,6.85
441,Ayorou,NE,14.7308,0.9174,98.01,10,3,8.59
442,Chokurdakh,RU,70.6333,147.9167,9.9,92,100,17.49
443,Goderich,CA,43.7501,-81.7165,42.91,87,100,13.8
444,Sterling,US,39.0062,-77.4286,58.14,43,20,12.66
445,Lennestadt,DE,51.1167,8.0667,55.56,91,100,4.56
446,Fairbanks,US,64.8378,-147.7164,33.22,92,75,3.44
447,Hamilton,US,39.1834,-84.5333,51.15,35,0,10.36
448,Vernon,CA,50.2581,-119.2691,56.61,67,100,11.01
449,Voznesenye,RU,61.0106,35.4781,41.45,82,100,8.7
450,Saint-Francois,FR,46.4154,3.9054,74.64,60,0,14.97
451,Hervey Bay,AU,-25.2986,152.8535,71.02,93,60,10.0
452,Sitka,US,57.0531,-135.33,46.29,87,75,10.36
453,Mozhga,RU,56.4447,52.2276,35.29,85,36,5.55
454,Moussoro,TD,13.6408,16.4901,96.64,14,49,9.95
455,Dubbo,AU,-32.25,148.6167,60.08,96,100,10.0
456,Along,IN,28.1667,94.7667,64.27,81,0,2.51
457,Rafsanjan,IR,30.4067,55.9939,73.2,15,0,3.22
458,Kondinskoye,RU,59.6481,67.41,37.89,71,100,11.7
459,Quartz Hill,US,34.6453,-118.2181,79.72,36,0,4.61
460,Cape Canaveral,US,28.4058,-80.6048,74.07,71,40,12.66
461,Sambrial,PK,32.4745,74.3521,66.15,63,40,6.91
462,Simpang,ID,-1.2667,104.0833,74.98,93,99,1.83
463,Erdaojiang,CN,41.7764,126.0319,49.57,68,100,7.27
464,Lovozero,RU,68.005,35.0117,27.64,71,67,30.56
465,Daro,GN,8.5185,-9.569,84.07,53,67,2.55
466,Allende,MX,25.2833,-100.0167,68.56,51,0,4.34
467,Portland,US,45.5234,-122.6762,56.25,92,40,1.01
468,Constitucion,CL,-35.3333,-72.4167,62.38,63,21,12.71
469,Humaita,BR,-7.5061,-63.0208,94.6,44,100,3.53
470,Inhambane,MZ,-23.865,35.3833,80.58,65,20,7.0
471,Katherine,AU,-14.4667,132.2667,85.73,52,77,5.26
472,Asfi,MA,32.2994,-9.2372,70.97,72,42,7.38
473,Graham,US,47.0529,-122.2943,50.81,99,100,0.0
474,Chapais,CA,49.7834,-74.8492,38.98,93,99,8.43
475,Plouzane,FR,48.3833,-4.6167,64.72,65,0,14.97
476,Hendersonville,US,36.3048,-86.62,55.51,39,16,1.99
477,Rosa Zarate,EC,0.3333,-79.4667,80.74,66,99,4.16
478,Conde,BR,-7.2597,-34.9075,85.46,58,40,17.27
479,Santa Rosa,PH,14.3122,121.1114,80.58,90,100,2.73
480,Ilhabela,BR,-23.7781,-45.3581,77.36,74,80,4.23
481,Bombay,IN,19.0144,72.8479,84.18,89,20,4.61
482,Ixtapa,MX,20.7,-105.2,84.22,83,40,3.44
483,Dungarpur,IN,23.8333,73.7167,79.41,41,54,2.89
484,Caraz,PE,-9.0486,-77.81,70.95,51,81,6.31
485,Buin,CL,-33.7333,-70.75,78.42,19,0,1.74
486,Bjornevatn,NO,69.6672,29.9847,32.34,69,20,21.85
487,Nokha,IN,27.6,73.4167,82.81,23,0,7.49
488,Cabo San Lucas,MX,22.8909,-109.9124,85.05,74,67,4.03
489,Dalmatovo,RU,56.26,62.9362,37.83,73,66,6.31
490,Staryy Nadym,RU,65.6118,72.6842,34.03,97,100,15.61
491,Alice Springs,AU,-23.7,133.8833,62.15,67,0,0.0
492,Sarangani,PH,5.4033,125.4636,84.16,73,100,13.78
493,Ust-Tsilma,RU,65.441,52.1498,32.97,96,100,15.9
494,Zheleznogorsk,RU,52.331,35.3711,45.19,63,97,14.47
495,Camacha,PT,33.0833,-16.3333,71.02,73,20,18.41
496,Mitsamiouli,KM,-11.3847,43.2844,79.09,69,40,2.3
497,Kununurra,AU,-15.7667,128.7333,89.87,50,79,7.54
498,Teknaf,BD,20.8624,92.3058,79.7,80,36,5.75
499,Passo De Camaragibe,BR,-9.2368,-35.4901,85.55,53,63,9.84
500,Yar-Sale,RU,66.8333,70.8333,33.21,93,100,10.22
501,Biltine,TD,14.5333,20.9167,94.46,17,17,4.36
502,Skjervoy,NO,70.0311,20.9714,37.4,80,100,9.57
503,Namtsy,RU,62.7161,129.6658,14.85,92,100,8.66
504,Coaldale,CA,49.7167,-112.6185,65.01,25,100,29.93
505,Jalingo,NG,8.8833,11.3667,86.95,60,49,1.01
506,Portobelo,PA,9.55,-79.65,87.12,79,98,3.04
507,Paamiut,GL,61.994,-49.6678,33.71,48,57,8.14
508,Singaparna,ID,-7.3515,108.111,72.77,98,98,1.77
509,Mehamn,NO,71.0357,27.8492,35.55,75,75,29.93
510,Ambatofinandrahana,MG,-20.55,46.8,62.6,75,98,11.74
511,Shenjiamen,CN,29.9576,122.298,68.63,64,79,11.03
512,Sao Miguel Do Tapuio,BR,-5.5036,-41.3233,102.07,21,50,6.62
513,Rafaela,AR,-31.2503,-61.4867,72.99,54,43,5.99
514,Isangel,VU,-19.55,169.2667,70.57,74,21,9.84
515,San Juan,AR,-31.5375,-68.5364,79.16,19,0,6.29
516,Praia Da Vitoria,PT,38.7333,-27.0667,70.05,73,20,19.71
517,Magaria,NE,12.9983,8.9099,93.7,15,66,6.06
518,Batemans Bay,AU,-35.7167,150.1833,67.1,97,100,6.42
519,Roma,US,43.2128,-75.4557,50.95,57,100,10.36
520,Chifeng,CN,42.2683,118.9636,55.18,36,100,13.42
521,Utinga,BR,-5.8172,-35.3954,86.4,58,75,18.41
522,Agde,FR,43.3108,3.4758,70.9,97,100,17.27
523,Shenkursk,RU,62.1091,42.896,35.06,85,71,7.31
524,Karakol,KG,42.4907,78.3936,38.53,54,8,3.8
525,Kati,ML,12.7441,-8.0726,94.41,21,39,1.88
526,Ubon Ratchathani,TH,15.1667,105.1667,75.09,80,65,10.02
527,Murray Bridge,AU,-35.1167,139.2667,61.12,96,93,7.2
528,Collie,AU,-33.3667,116.15,53.24,92,74,2.73
529,Gamba,GA,-2.65,10.0,79.36,76,52,9.04
530,Karacabey,TR,40.2152,28.4038,62.98,71,3,16.33
531,Kiruna,SE,67.8557,20.2251,32.92,86,0,3.44
532,Akyab,MM,20.15,92.9,81.12,80,31,7.47
533,Coria,ES,39.9879,-6.5377,62.46,87,100,11.12
534,Mouzouras,GR,35.5333,24.15,66.2,72,40,6.91
535,Stornoway,GB,58.2093,-6.3865,54.03,87,75,6.91
536,Ihosy,MG,-22.4,46.1167,68.23,78,29,11.12
537,Tessalit,ML,20.1986,1.0114,93.9,12,35,11.21
538,Tadine,NC,-21.55,167.8833,69.49,74,74,10.76
539,Balsas,BR,-7.5325,-46.0356,103.53,18,75,7.05
540,Qobustan,AZ,40.0824,49.412,67.82,70,94,9.17
541,Ternate,ID,0.8,127.4,81.79,78,100,3.47
542,Rossland,CA,49.0831,-117.8022,46.92,48,56,1.16
543,Purgstall,AT,48.0584,15.1348,57.09,80,30,3.56
544,Shache,CN,38.4167,77.2406,54.72,20,92,4.92
545,Saint Anthony,US,45.0205,-93.218,50.67,47,0,9.22
546,Solnechnyy,RU,50.7214,136.6319,37.54,58,96,5.37
547,Ola,RU,59.5833,151.2833,19.89,64,11,8.05
548,Teya,RU,60.3778,92.6267,34.77,85,100,5.93
549,Swift Current,CA,50.2834,-107.8014,50.81,40,0,13.8
550,Billings,US,45.7833,-108.5007,60.51,35,20,17.27
551,Vila Franca Do Campo,PT,37.7167,-25.4333,68.41,69,100,11.48
552,Danjiangkou,CN,32.5428,111.5086,60.91,34,15,2.35
553,Merauke,ID,-8.4667,140.3333,80.78,82,100,5.75
554,Wanaka,NZ,-44.7,169.15,34.07,83,34,6.82
555,Moche,PE,-8.1711,-79.0092,60.98,82,100,11.5
556,Gaogou,CN,34.0175,119.1886,55.76,76,100,6.53
557,Vitanesti,RO,44.0,25.4167,54.03,51,1,7.31
558,Dabhol,IN,17.6,73.1667,77.95,88,82,5.01
559,Lata,PT,40.1629,-8.3327,66.07,78,100,11.39
560,Lagos,NG,6.5833,3.75,73.72,74,37,7.09
561,Kurilsk,RU,45.2333,147.8833,50.04,70,51,20.62
562,Davila,PH,18.4726,120.5763,76.98,85,64,15.41
563,Ibia,BR,-19.4783,-46.5389,85.91,24,24,9.75
564,Huainan,CN,32.6264,116.9969,61.77,65,97,7.27
565,Opuwo,NA,-18.0607,13.84,89.82,20,81,9.73
566,Maun,BW,-19.9833,23.4167,91.36,29,20,9.22
567,Bilibino,RU,68.0546,166.4372,13.87,97,100,1.79
568,Sao Gabriel Da Cachoeira,BR,-0.1303,-67.0892,85.8,74,40,5.75
569,Santa Isabel,BR,-23.3156,-46.2214,81.7,39,63,1.52
570,San Andres,CO,12.5847,-81.7006,87.82,70,20,10.36
571,Zapolyarnyy,RU,69.4154,30.8136,31.28,66,90,25.84
572,Pundaguitan,PH,6.3711,126.1689,83.05,75,100,7.65
573,Owen Sound,CA,44.5672,-80.9435,38.97,91,100,8.01
574,Sawtell,AU,-30.3833,153.1,69.82,83,75,14.97
575,Hanyang,CN,32.1371,105.5126,60.08,52,22,4.0
576,Te Anau,NZ,-45.4167,167.7167,32.74,94,28,2.28
577,Sao Raimundo Das Mangabeiras,BR,-7.0219,-45.4811,103.28,18,31,7.34
578,Flinders,AU,-34.5833,150.8552,66.38,93,100,4.0
579,Alyangula,AU,-13.8483,136.4192,82.8,75,52,13.87
580,Balaipungut,ID,1.05,101.2833,75.74,83,100,1.63
581,Tocopilla,CL,-22.092,-70.1979,66.78,64,8,6.55
582,Kuchera,IN,26.9839,73.9719,79.88,25,27,8.34
583,Novoagansk,RU,61.9449,76.6625,37.53,96,100,8.5
584,Agadir,MA,30.4202,-9.5982,90.05,36,46,6.96
585,Gazimurskiy Zavod,RU,51.5461,118.3266,30.88,67,100,3.27
586,Sakakah,SA,29.9697,40.2064,89.17,23,90,7.81
587,Sonari,IN,27.0667,95.0333,69.46,96,0,2.28
588,Skovorodino,RU,53.9833,123.9167,27.52,86,3,3.36
589,Wattegama,LK,6.7989,81.4808,76.42,91,100,2.46
590,Hirara,JP,24.8,125.2833,78.51,71,98,22.19
591,Najran,SA,17.4924,44.1277,79.45,16,17,8.77
592,Bose,IT,45.4612,8.0137,67.21,78,100,2.84
593,Evensk,RU,61.95,159.2333,13.1,73,79,8.77
594,Houma,US,29.5958,-90.7195,64.0,43,0,2.66
595,Aden,YE,12.7794,45.0367,83.46,65,0,15.43
596,Kijang,KR,35.2442,129.2139,49.73,45,64,5.82
597,Pangkalanbuun,ID,-2.6833,111.6167,75.61,97,100,0.6
598,Verin,ES,41.9415,-7.4381,61.56,82,96,9.4
599,Port Augusta,AU,-32.5,137.7667,61.57,78,43,8.43
600,Les Cayes,HT,18.2,-73.75,86.41,63,89,8.3
601,Ugoofaaru,MV,5.6667,73.0,81.95,79,84,14.88
602,Atambua,ID,-9.1061,124.8925,77.7,84,99,2.55
603,Nara,JP,34.6851,135.8049,57.49,55,0,2.62
604,Rundu,NA,-17.9333,19.7667,86.68,23,68,6.11
605,Rudsar,IR,37.1376,50.288,71.58,53,100,11.07
606,Ipixuna,BR,-1.7625,-48.8043,94.91,43,95,5.93
607,Gilgit,PK,35.9221,74.3087,46.72,72,99,0.69
608,Oistins,BB,13.0667,-59.5333,78.89,89,75,21.85
609,Riyadh,SA,24.6877,46.7219,86.14,11,0,4.99
610,Pokhara,NP,28.2333,83.9833,61.18,57,0,6.73
611,Colac,AU,-38.3333,143.5833,55.17,93,89,5.01
612,Bintulu,MY,3.1667,113.0333,79.21,100,20,0.0
613,Maniitsoq,GL,65.4167,-52.9,28.76,49,100,6.76
614,Swellendam,ZA,-34.0226,20.4417,65.12,56,8,11.34
615,Goya,AR,-29.14,-59.2626,68.86,80,100,10.09
616,Bulungu,CD,-4.55,18.6,74.43,90,100,4.25
617,Chickasha,US,35.0526,-97.9364,63.5,58,0,6.91
618,Rabaul,PG,-4.1967,152.1721,78.84,80,10,6.98
619,Necochea,AR,-38.5473,-58.7368,77.65,40,51,8.52
620,Luba,GQ,3.4568,8.5547,82.29,84,97,11.95
621,Terrace,CA,54.5163,-128.6035,42.71,93,75,4.61
622,Hambantota,LK,6.1241,81.1185,80.94,89,100,4.61
623,Uchiza,PE,-8.4592,-76.4633,86.76,58,95,2.53
624,Bridgton,US,44.0548,-70.7128,52.34,64,3,10.76
625,Moranbah,AU,-22.0016,148.0466,69.13,95,35,8.86
626,Bossangoa,CF,6.4926,17.4552,75.54,89,97,3.51
627,Ocos,GT,14.5094,-92.1933,82.33,81,87,10.36
628,Matagami,CA,49.7502,-77.6328,37.51,100,100,5.75
629,Merrill,US,45.1805,-89.6835,47.89,42,0,4.61
630,Berbera,SO,10.4396,45.0143,84.83,65,71,8.43
631,Porto Novo,BJ,6.4965,2.6036,85.82,72,67,7.45
632,Great Bend,US,38.3645,-98.7648,64.62,43,0,11.5
633,Gorom-Gorom,BF,14.4439,-0.2361,97.79,12,0,12.08
634,Sao Miguel Do Araguaia,BR,-13.275,-50.1628,103.84,12,3,9.08
635,Hirado,JP,33.3597,129.5531,65.41,56,3,6.4
636,Tigil,RU,57.8,158.6667,25.14,95,100,6.15
637,Ghanzi,BW,-21.5667,21.7833,86.4,22,67,7.87
638,Clarence Town,AU,-32.5833,151.7833,66.94,99,100,2.13
639,Dutlwe,BW,-23.9833,23.9,86.43,22,10,13.89
640,Mao,ES,39.8885,4.2658,73.96,88,20,13.8
641,Kokorevka,RU,52.5872,34.2778,44.11,70,99,9.46
642,Tura,IN,25.5198,90.2201,68.49,88,0,4.47
643,Huilong,CN,31.8111,121.655,64.92,77,76,9.78
644,Touba,CI,8.2833,-7.6833,83.17,61,42,2.59
645,Belaya Gora,RU,68.5333,146.4167,-1.28,94,95,5.28
646,Bowen,AU,-20.0167,148.2333,74.93,85,70,8.37
647,Kollo,NE,13.3043,2.339,100.83,13,97,1.63
648,Hearst,CA,49.6835,-83.6665,32.25,95,100,7.23
649,Kousseri,CM,12.0769,15.0306,96.76,20,0,5.75
650,Mahibadhoo,MV,3.7833,72.9667,82.2,77,80,14.52
651,Lahij,YE,13.1667,44.5833,79.2,62,0,8.32
652,Rock Sound,BS,24.9,-76.2,80.31,75,99,8.57
653,Tukrah,LY,32.5341,20.5791,71.24,64,4,11.9
654,Malinovskiy,RU,61.1953,62.8397,34.02,74,94,11.61
655,Petropavlovsk-Kamchatskiy,RU,53.0452,158.6483,34.39,51,40,8.95
656,Mayo,US,38.8876,-76.5119,59.07,50,0,8.05
657,Maseru,LS,-29.3167,27.4833,69.84,52,84,2.35
658,Korla,CN,41.7597,86.1469,55.51,32,100,7.09
659,Conneaut,US,41.9476,-80.5542,42.69,54,100,18.61
660,Coueron,FR,47.2151,-1.7217,71.55,62,20,13.8
661,Noumea,NC,-22.2763,166.4572,66.18,78,100,10.31
662,Dawei,MM,14.0833,98.2,76.05,78,55,6.42
663,Ranong,TH,9.9658,98.6348,75.79,95,100,4.18
664,Grand-Bourg,GP,15.8835,-61.3148,86.2,76,10,15.01
665,Nampula,MZ,-15.1165,39.2666,87.75,30,40,11.99
666,Contamana,PE,-7.3333,-75.0167,94.51,40,98,5.01
667,Kismayo,SO,-0.3582,42.5454,77.68,82,84,12.57
668,Burns Lake,CA,54.2331,-125.7533,27.82,83,4,2.62
669,Uthal,PK,25.8072,66.6219,80.53,67,0,5.95
670,Harstad,NO,68.799,16.5293,40.39,100,100,2.35
671,Kaeo,NZ,-35.1,173.7833,56.32,94,71,10.85
672,Masunga,BW,-20.6246,27.4488,82.98,18,62,12.03
673,Bartica,GY,6.4,-58.6167,89.92,59,44,3.09
674,Buta,CD,2.7858,24.73,79.12,74,100,0.47
675,Kontagora,NG,10.3999,5.4695,88.97,40,21,2.71
676,Pangnirtung,CA,66.1451,-65.7125,30.2,69,75,26.46
677,Hokitika,NZ,-42.7167,170.9667,46.54,86,11,4.25
678,Lodja,CD,-3.4833,23.4333,70.86,93,100,1.52
679,Miles City,US,46.4083,-105.8406,43.77,61,0,5.75
680,Lyubim,RU,58.3625,40.6843,35.8,86,61,6.26
681,Kirakira,SB,-10.4544,161.9205,80.02,84,71,7.83
682,Viedma,AR,-40.8135,-62.9967,77.05,23,9,13.6
683,Vilhena,BR,-12.7406,-60.1458,82.62,65,20,12.66
